Sample_ID,Duplicate_flag,Chem_type,H20_pc,LMA_gDW_m2,SLA_cm2_gDW
BNL10442,1,CHN,68.31,101.91,98.12
BNL10446,1,CHN,61.84,78.6,127.23
BNL10660,1,CHN,55.24,108.93,91.8
BNL10662,1,CHN,58.36,86.07,116.18
BNL10663,1,CHN,55.67,108.2,92.42
BNL10664,1,CHN,60.83,130.14,76.84
BNL10665,1,CHN,55.94,112.36,89
BNL10684,1,CHN,62.12,78.01,128.18
BNL10409,1,CHN,70.81,92.32,108.32
BNL10427,1,CHN,63.78,92.38,108.25
BNL10423,1,CHN,46.37,150.06,66.64
BNL10420,1,CHN,46.8,85.76,116.61
BNL10426,1,CHN,60.09,95.09,105.16
BNL10417,1,CHN,47.15,85.77,116.59
BNL10401,1,CHN,48.14,85.21,117.36
BNL10424,1,CHN,46.97,153.02,65.35
BNL10416,1,CHN,49.54,139.77,71.55
BNL10425,1,CHN,63.79,92.61,107.98
BNL10404,1,CHN,56.24,89.7,111.48
BNL10411,1,CHN,59.55,87.24,114.62
BNL10413,1,CHN,60.27,98.81,101.2
BNL10412,1,CHN,65.77,121.05,82.61
BNL10403,1,CHN,53.53,78.11,128.02
BNL10405,1,CHN,60,95.22,105.02
BNL10410,1,CHN,50.51,100.49,99.52
BNL10422,1,CHN,45.73,95.83,104.36
BNL10414,1,CHN,52.99,89.05,112.3
BNL10408,1,CHN,66.66,109.49,91.33
BNL10402,1,CHN,55.53,88.73,112.7
BNL10419,1,CHN,51.52,78.14,127.98
BNL10421,1,CHN,42.4,94.38,105.95
BNL10418,1,CHN,50,93.9,106.5
BNL10406,1,CHN,59.77,103.57,96.56
BNL10430,1,CHN,47.23,84.86,117.84
BNL10429,1,CHN,41.94,94.72,105.58
BNL10407,1,CHN,68.81,103.4,96.72
BNL10415,1,CHN,45.63,145.8,68.59
BNL10609,1,CHN,57.43,63.62,157.2
BNL10610,1,CHN,55.57,90.64,110.32
BNL10611,1,CHN,62.85,128.02,78.11
BNL10613,1,CHN,58.9,74.77,133.75
BNL10615,1,CHN,63.12,123.07,81.26
BNL10616,1,CHN,55.67,84.3,118.62
BNL10617,1,CHN,49.75,101.79,98.24
BNL10618,1,CHN,56.09,66.23,150.98
BNL10623,1,CHN,47.03,141.65,70.6
BNL10624,1,CHN,63.95,87.73,113.99
BNL10625,1,CHN,62.53,90.64,110.32
BNL10620,1,CHN,53.05,91.47,109.32
BNL10666,1,CHN,59.43,103.76,96.38
BNL10669,1,CHN,57.29,85.21,117.36
BNL10670,1,CHN,67.45,109.81,91.07
BNL10671,1,CHN,50.96,64.08,156.04
BNL10672,1,CHN,49.6,78.09,128.06
BNL10673,1,CHN,55.71,90.96,109.94
BNL10674,1,CHN,50.53,87.48,114.31
BNL10675,1,CHN,47.6,102.5,97.56
BNL10676,1,CHN,63.61,125.69,79.56
BNL10677,1,CHN,54.29,88.6,112.86
BNL10678,1,CHN,54.74,73.52,136.02
BNL10679,1,CHN,62.2,96.4,103.73
BNL10680,1,CHN,63.01,95.67,104.52
BNL10681,1,CHN,48.26,131.96,75.78
BNL10682,1,CHN,56.66,100.12,99.88
BNL10683,1,CHN,47.39,142.23,70.31
BNL10654,1,CHN,52.03,89.53,111.69
BNL10621,1,CHN,56.96,89.92,111.21
BNL10604,1,CHN,53.51,103.3,96.8
BNL10606,1,CHN,60.38,98.9,101.11
BNL10603,1,CHN,67.78,114.21,87.56
BNL10619,1,CHN,59.86,99.89,100.11
BNL10614,1,CHN,50.61,148.39,67.39
BNL10655,1,CHN,48.15,95.91,104.27
BNL10605,1,CHN,62.7,107.62,92.92
BNL10612,1,CHN,46.48,167.68,59.64
BNL10607,1,CHN,53.13,82.42,121.32
BNL10656,1,CHN,54.21,91.9,108.81
BNL10602,1,CHN,61.29,136.51,73.26
BNL10622,1,CHN,58.44,92.46,108.15
BNL10608,1,CHN,56.78,89.28,112
BNL10601,1,CHN,54.73,93.52,106.93
BNL10535,1,CHN,59.9,59.94,166.84
BNL10536,1,CHN,63.56,144.13,69.38
BNL10537,1,CHN,65.05,81.24,123.09
BNL10539,1,CHN,63.78,95.02,105.25
BNL10540,1,CHN,51.47,82.4,121.36
BNL10541,1,CHN,63.63,97.78,102.27
BNL10542,1,CHN,60.33,69.08,144.77
BNL10543,1,CHN,57.91,76.36,130.95
BNL10544,1,CHN,59.17,46.42,215.45
BNL10545,1,CHN,57.31,71.41,140.03
BNL10549,1,CHN,58.14,72.38,138.16
BNL10550,1,CHN,64.85,134.51,74.35
BNL10551,1,CHN,64.28,86.42,115.72
BNL10552,1,CHN,63.87,53.99,185.22
BNL10553,1,CHN,57.74,66.67,150
BNL10554,1,CHN,61.88,93.08,107.44
BNL10555,1,CHN,67.04,88.97,112.4
BNL10556,1,CHN,54.16,93.97,106.41
BNL10557,1,CHN,59.69,70.66,141.53
BNL10558,1,CHN,66.04,122.22,81.82
BNL10559,1,CHN,66.81,92.61,107.98
BNL10560,1,CHN,53.74,137.56,72.7
BNL10561,1,CHN,59.57,66.12,151.24
BNL10562,1,CHN,50.1,152.27,65.67
BNL10661,1,CHN,63.66,81.03,123.42
BNL10593,1,CHN,62.48,88.37,113.16
BNL10634,1,CHN,60.76,98.22,101.81
BNL10635,1,CHN,62.58,106.12,94.24
BNL10636,1,CHN,48.78,147.06,68
BNL10637,1,CHN,50.94,108.2,92.42
BNL10638,1,CHN,58.62,106.7,93.72
BNL10640,1,CHN,51.49,82.91,120.62
BNL10641,1,CHN,63.22,106.58,93.82
BNL10642,1,CHN,52.52,104.73,95.48
BNL10643,1,CHN,59.78,85.14,117.45
BNL10688,1,CHN,53.55,98.11,101.93
BNL10689,1,CHN,61.32,108.3,92.34
BNL10690,1,CHN,57.03,78.09,128.05
BNL10691,1,CHN,50.62,126.13,79.28
BNL10723,1,CHN,62.02,123.12,81.22
BNL10724,1,CHN,52.66,102.68,97.39
BNL10727,1,CHN,49.71,109.86,91.02
BNL10749,1,CHN,49.56,99.09,100.92
BNL10750,1,CHN,46.04,93.65,106.78
BNL10639,1,CHN,61.72,177.78,56.25
BNL10699,1,CHN,58.44,142.32,70.26
BNL10701,1,CHN,43.92,106.03,94.31
BNL10702,1,CHN,59.86,132.68,75.37
BNL10703,1,CHN,57.89,113.52,88.09
BNL10786,1,CHN,57.52,112.36,89
BNL10787,1,CHN,52.92,139.51,71.68
BNL10788,1,CHN,56.25,123.24,81.14
BNL10803,1,CHN,51.43,135.89,73.59
BNL10805,1,CHN,46.05,98.43,101.59
BNL10807,1,CHN,57.19,123.78,80.79
BNL10629,1,CHN,50.74,163.24,61.26
BNL10628,1,CHN,64.3,84.54,118.29
BNL10626,1,CHN,52.35,113.54,88.08
BNL10658,1,CHN,51.89,114.11,87.64
BNL10627,1,CHN,62.76,82.76,120.83
BNL10632,1,CHN,42.71,98.17,101.87
BNL10564,1,CHN,55.1,130.44,76.66
BNL10633,1,CHN,49.69,79.51,125.76
BNL10630,1,CHN,48.39,158.29,63.17
BNL10547,1,CHN,49.16,88.86,112.54
BNL10653,1,CHN,49.22,155.31,64.39
BNL10631,1,CHN,64.84,114.14,87.61
BNL10566,1,CHN,49.02,110.89,90.18
BNL10565,1,CHN,56.13,129.08,77.47
BNL10657,1,CHN,62.78,108.02,92.57
BNL10567,1,CHN,49.62,97.38,102.69
BNL10546,1,CHN,58.37,77.97,128.26
BNL10652,1,CHN,54.58,148.85,67.18
BNL10548,1,CHN,54.24,140.7,71.07
BNL10563,1,CHN,55.03,90.44,110.57
BNL10568,1,CHN,55.85,125.47,79.7
BNL10569,1,CHN,56.34,129.09,77.47
BNL10570,1,CHN,59.94,124.31,80.44
BNL10571,1,CHN,65.31,103.93,96.22
BNL10572,1,CHN,64.56,99.88,100.13
BNL10651,1,CHN,57.61,75.16,133.06
BNL10704,1,CHN,55.42,147.47,67.81
BNL10706,1,CHN,57.26,155.92,64.14
BNL10710,1,CHN,52.3,92.57,108.03
BNL10735,1,CHN,59.74,101.79,98.24
BNL10736,1,CHN,58.7,104.12,96.04
BNL10737,1,CHN,51.81,142.54,70.16
BNL10738,1,CHN,52.66,84.38,118.51
BNL10739,1,CHN,46.89,98.63,101.39
BNL10740,1,CHN,52.74,94.08,106.29
BNL10741,1,CHN,51.89,88.89,112.5
BNL10707,1,CHN,50.59,151.56,65.98
BNL10708,1,CHN,52.87,89.73,111.44
BNL10728,1,CHN,50.25,162.51,61.54
BNL10742,1,CHN,59.39,107.19,93.29
BNL10743,1,CHN,60.49,102.71,97.36
BNL10744,1,CHN,48.82,134.99,74.08
BNL10745,1,CHN,61.81,98.37,101.66
BNL10747,1,CHN,57.3,118.84,84.14
BNL10748,1,CHN,57.33,73.24,136.53
BNL10751,1,CHN,58.83,76.67,130.42
BNL10752,1,CHN,55,160.11,62.46
BNL10753,1,CHN,53.56,169.58,58.97
BNL10754,1,CHN,55.51,84.11,118.9
BNL10755,1,CHN,51.85,96.84,103.27
BNL10756,1,CHN,54.69,55.63,179.75
BNL10764,1,CHN,65.75,103.15,96.94
BNL10765,1,CHN,47.35,127.44,78.47
BNL10766,1,CHN,61.82,108.26,92.37
BNL10779,1,CHN,56.07,81.36,122.92
BNL10778,1,CHN,58.18,106.97,93.49
BNL10801,1,CHN,49.85,83.9,119.2
BNL10762,1,CHN,54.85,123.94,80.68
BNL10760,1,CHN,63.1,104.12,96.04
BNL10763,1,CHN,50.53,91.32,109.5
BNL10777,1,CHN,50.5,119.91,83.4
BNL10758,1,CHN,54.07,123.28,81.11
BNL10761,1,CHN,57.41,138.92,71.98
BNL10726,1,CHN,57.12,145.58,68.69
BNL10725,1,CHN,59.32,134.58,74.3
BNL10697,1,CHN,59.22,99.53,100.47
BNL10802,1,CHN,55.69,117.53,85.08
BNL10757,1,CHN,46.62,98.51,101.52
BNL10709,1,CHN,56.23,98.22,101.81
BNL10759,1,CHN,56.99,150.36,66.51
BNL10776,1,CHN,57.98,108.41,92.25
BNL10698,1,CHN,41.17,98.44,101.58
BNL10780,1,CHN,49.22,140.24,71.31
BNL10781,1,CHN,52.48,114.25,87.53
BNL10813,1,CHN,55.81,105.95,94.39
BNL10814,1,CHN,53.32,95.92,104.25
BNL10815,1,CHN,55.42,82.08,121.83
BNL10816,1,CHN,55.62,138.74,72.08
BNL10821,1,CHN,49.54,95.08,105.17
BNL10822,1,CHN,59.89,112.67,88.75
BNL10823,1,CHN,59.48,75.88,131.79
BNL10824,1,CHN,47.46,181.92,54.97
BNL10825,1,CHN,47.25,184.51,54.2
BNL10826,1,CHN,57.34,146.76,68.14
BNL10827,1,CHN,56.87,158.55,63.07
BNL10828,1,CHN,60.7,120.56,82.94
BNL10829,1,CHN,42.42,109.03,91.72
BNL10830,1,CHN,46.12,104.52,95.67
BNL10832,1,CHN,57.77,121.25,82.48
BNL10835,1,CHN,60.31,94.58,105.73
BNL10809,1,CHN,43.26,170.32,58.71
BNL10806,1,CHN,62.4,96.8,103.31
BNL10804,1,CHN,50.94,150.15,66.6
BNL10793,1,CHN,58.94,121.31,82.44
BNL10791,1,CHN,47.36,116.1,86.13
BNL10817,1,CHN,54.31,89.36,111.91
BNL10700,1,CHN,43.48,100.2,99.8
BNL10808,1,CHN,56.37,107.06,93.4
BNL10812,1,CHN,45.36,87.71,114.01
BNL10818,1,CHN,44.26,112.4,88.97
BNL10833,1,CHN,56.23,135.12,74.01
BNL10819,1,CHN,56.79,152.11,65.74
BNL10810,1,CHN,45.86,140.82,71.01
BNL10820,1,CHN,61.01,116.81,85.61
BNL10792,1,CHN,48.81,118.64,84.29
BNL10831,1,CHN,54.65,80.3,124.54
BNL10834,1,CHN,51.71,125.26,79.83
BNL10790,1,CHN,52.25,141.15,70.84
BNL11121,1,CHN,61.56,71.71,139.46
BNL11028,1,CHN,56.77,91.27,109.56
BNL11020,1,CHN,35.62,84.38,118.52
BNL11032,1,CHN,45.84,90.3,110.75
BNL11173,1,CHN,50.94,101.99,98.05
BNL11029,1,CHN,43.82,86.4,115.74
BNL11051,1,CHN,46.25,174.43,57.33
BNL10960,1,CHN,54.39,131.71,75.92
BNL10995,1,CHN,57.05,110.18,90.76
BNL11024,1,CHN,56.69,121.91,82.03
BNL11030,1,CHN,55.68,95.61,104.59
BNL10939,1,CHN,60.09,123.3,81.1
BNL10998,1,CHN,61.78,87.45,114.36
BNL10963,1,CHN,53.87,152.59,65.54
BNL10986,1,CHN,50.25,96.95,103.14
BNL11027,1,CHN,52.91,119.31,83.81
BNL10962,1,CHN,64,94.36,105.98
BNL10966,1,CHN,46.77,89.91,111.23
BNL10970,1,CHN,48.67,131.71,75.93
BNL10979,1,CHN,60,88.2,113.38
BNL10985,1,CHN,52.4,80.39,124.39
BNL11021,1,CHN,29.3,107.85,92.72
BNL11026,1,CHN,61.7,126.69,78.93
BNL10890,1,CHN,55.39,117.03,85.45
BNL10892,1,CHN,55.23,133.43,74.95
BNL10895,1,CHN,58.27,86.29,115.89
BNL10900,1,CHN,53,100.21,99.79
BNL10910,1,CHN,54.5,68.97,145
BNL10915,1,CHN,50.09,112.13,89.19
BNL10941,1,CHN,57.48,139.77,71.54
BNL10951,1,CHN,39.8,97.77,102.28
BNL10965,1,CHN,54.01,159.54,62.68
BNL10967,1,CHN,63.08,112.13,89.19
BNL10969,1,CHN,50.76,168.74,59.26
BNL10971,1,CHN,52.73,98.25,101.78
BNL10973,1,CHN,62.13,118.16,84.63
BNL10987,1,CHN,64.8,135.55,73.77
BNL10997,1,CHN,60.54,78.22,127.85
BNL11000,1,CHN,51.52,148.37,67.4
BNL11046,1,CHN,51.34,112.88,88.59
BNL11048,1,CHN,56.23,106.54,93.86
BNL11015,1,CHN,51.66,137.39,72.78
BNL10955,1,CHN,53.35,93.44,107.03
BNL10917,1,CHN,57.01,138.29,72.31
BNL10883,1,CHN,57.31,117.37,85.2
BNL11006,1,CHN,64.09,113.83,87.85
BNL10908,1,CHN,63.65,69.08,144.76
BNL10918,1,CHN,62.84,130.36,76.71
BNL10930,1,CHN,48.91,154.33,64.8
BNL10922,1,CHN,37.79,204.91,48.8
BNL10927,1,CHN,53.24,105.05,95.19
BNL10950,1,CHN,61.52,100.85,99.16
BNL10888,1,CHN,43.49,157.86,63.35
BNL10929,1,CHN,48.55,99.86,100.14
BNL10926,1,CHN,59.44,79.73,125.43
BNL10924,1,CHN,40.46,105.4,94.88
BNL10906,1,CHN,60.76,113.24,88.31
BNL10912,1,CHN,57.84,84.3,118.63
BNL10932,1,CHN,46.41,107.76,92.8
BNL10877,1,CHN,45.04,84.05,118.97
BNL10879,1,CHN,49.46,92.81,107.75
BNL10881,1,CHN,40.09,118.57,84.34
BNL10884,1,CHN,53.17,131.52,76.03
BNL10886,1,CHN,42.17,103.46,96.66
BNL10889,1,CHN,48.97,141.93,70.46
BNL10893,1,CHN,64.77,101.49,98.54
BNL10899,1,CHN,41.32,174.45,57.32
BNL10901,1,CHN,46.51,140.21,71.32
BNL10902,1,CHN,40.89,90.55,110.44
BNL10903,1,CHN,53.62,141.95,70.45
BNL10931,1,CHN,63.14,88.27,113.29
BNL10943,1,CHN,49.03,81.91,122.09
BNL10949,1,CHN,55.07,153.52,65.14
BNL10988,1,CHN,55.66,149.44,66.92
BNL10990,1,CHN,59.63,81.13,123.26
BNL10992,1,CHN,52.48,131.87,75.83
BNL10994,1,CHN,56.6,121.77,82.12
BNL10874,1,CHN,56.82,144.16,69.37
BNL10875,1,CHN,49.42,99.44,100.57
BNL10920,1,CHN,52.68,144.98,68.98
BNL10938,1,CHN,61.82,84.39,118.5
BNL10944,1,CHN,49.63,140.42,71.22
BNL10945,1,CHN,53.9,140.75,71.05
BNL10946,1,CHN,54.9,114.7,87.18
BNL10947,1,CHN,57.91,134.96,74.1
BNL10952,1,CHN,64.26,73.28,136.45
BNL10953,1,CHN,55.73,85.65,116.75
BNL10954,1,CHN,53.75,164.24,60.89
BNL10956,1,CHN,51.75,140.64,71.1
BNL10959,1,CHN,50.88,99.12,100.88
BNL10961,1,CHN,54.93,156.8,63.78
BNL11034,1,CHN,32.69,94.45,105.87
BNL11038,1,CHN,45.56,81.55,122.63
BNL11039,1,CHN,63.56,111.25,89.89
BNL11047,1,CHN,52.49,94.73,105.56
BNL10896,1,CHN,47.92,96.67,103.45
BNL10898,1,CHN,54.36,89.51,111.72
BNL10921,1,CHN,63.81,87.81,113.88
BNL10907,1,CHN,60.63,116.45,85.87
BNL10914,1,CHN,52.22,118.92,84.09
BNL10919,1,CHN,67.44,104.84,95.38
BNL11037,1,CHN,45.43,98.76,101.26
BNL10904,1,CHN,48.31,95.48,104.74
BNL10925,1,CHN,58.56,101.19,98.82
BNL10916,1,CHN,59.1,147.46,67.81
BNL10948,1,CHN,50.27,137.8,72.57
BNL10897,1,CHN,53.89,116.92,85.53
BNL10905,1,CHN,50.08,134.04,74.61
BNL10923,1,CHN,51.33,154.25,64.83
BNL10913,1,CHN,51.85,70.08,142.69
BNL10911,1,CHN,43.04,159.26,62.79
BNL10909,1,CHN,45.09,153.52,65.14
BNL10878,1,CHN,42.81,101.72,98.3
BNL10784,1,CHN,53.98,122.54,81.6
BNL10880,1,CHN,55.53,139.73,71.57
BNL10882,1,CHN,51.38,119.04,84
BNL10885,1,CHN,55.85,159.33,62.76
BNL10928,1,CHN,55.07,132.72,75.34
BNL10937,1,CHN,57.58,103.36,96.75
BNL10940,1,CHN,48.78,101.43,98.59
BNL10942,1,CHN,60.58,109.39,91.41
BNL10964,1,CHN,53.83,117.77,84.91
BNL11059,1,CHN,54.25,119.12,83.95
BNL11080,1,CHN,51.75,165.41,60.46
BNL11091,1,CHN,56.14,154.78,64.61
BNL11095,1,CHN,57.1,144.06,69.42
BNL11105,1,CHN,55.25,124.71,80.19
BNL11107,1,CHN,50.37,86.73,115.3
BNL11108,1,CHN,56.03,73.55,135.95
BNL11109,1,CHN,50.49,121.46,82.33
BNL11137,1,CHN,60.47,131.27,76.18
BNL11138,1,CHN,54.83,152.74,65.47
BNL11139,1,CHN,54.49,123.41,81.03
BNL11142,1,CHN,41.15,93.72,106.7
BNL11143,1,CHN,40.45,105.86,94.46
BNL11144,1,CHN,59.36,103.54,96.58
BNL11145,1,CHN,54.12,75.53,132.4
BNL11146,1,CHN,63.3,80.45,124.3
BNL11445,1,CHN,64.03,97.5,102.56
BNL11463,1,CHN,62.73,105.37,94.9
BNL11449,1,CHN,56.59,124.85,80.09
BNL11448,1,CHN,55.6,102.89,97.19
BNL11316,1,CHN,64.59,93.42,107.04
BNL11444,1,CHN,50.1,93.57,106.88
BNL11446,1,CHN,53.05,103.33,96.78
BNL11447,1,CHN,35.64,102.24,97.81
BNL11450,1,CHN,58.95,114.26,87.52
BNL11451,1,CHN,56.35,101.15,98.87
BNL11462,1,CHN,43.77,106.54,93.86
BNL11063,1,CHN,59.81,86.12,116.11
BNL11140,1,CHN,64.55,113.68,87.97
BNL11110,1,CHN,60.91,76.82,130.18
BNL11055,1,CHN,41.33,96.11,104.05
BNL11115,1,CHN,60.1,81.34,122.94
BNL11106,1,CHN,59.09,104.93,95.3
BNL11232,1,CHN,42.73,150.06,66.64
BNL11092,1,CHN,57.72,83.8,119.33
BNL11087,1,CHN,62.63,95.32,104.91
BNL11098,1,CHN,48.74,85.75,116.62
BNL11114,1,CHN,63.61,92.36,108.27
BNL11104,1,CHN,43.78,144.86,69.03
BNL11116,1,CHN,50.69,104.21,95.96
BNL10991,1,CHN,60.23,99.11,100.9
BNL11141,1,CHN,63.84,104.35,95.83
BNL11004,1,CHN,48.63,104.06,96.1
BNL11062,1,CHN,63.98,92.42,108.2
BNL11064,1,CHN,69.03,106.54,93.86
BNL11090,1,CHN,40.02,96.5,103.63
BNL11093,1,CHN,46.72,132.79,75.31
BNL11099,1,CHN,57.89,102.5,97.56
BNL11100,1,CHN,42.62,157.23,63.6
BNL11101,1,CHN,41.61,112.32,89.03
BNL11102,1,CHN,47.82,100.85,99.15
BNL11103,1,CHN,55.58,108.77,91.94
BNL11118,1,CHN,51.14,105.37,94.91
BNL11119,1,CHN,66.39,118.05,84.71
BNL11133,1,CHN,68.87,100.27,99.73
BNL11135,1,CHN,50.99,144.3,69.3
BNL11195,1,CHN,47.16,89.87,111.28
BNL11298,1,CHN,56.24,105.87,94.46
BNL11070,1,CHN,40.79,153.61,65.1
BNL11071,1,CHN,68.04,92.69,107.88
BNL11072,1,CHN,50.4,90.36,110.67
BNL11074,1,CHN,52.34,106.98,93.48
BNL11076,1,CHN,51.79,87.7,114.03
BNL11077,1,CHN,59.33,114.41,87.41
BNL11078,1,CHN,49.72,100.6,99.4
BNL11079,1,CHN,53.9,91.38,109.43
BNL11081,1,CHN,67.43,112.51,88.88
BNL11082,1,CHN,67.81,102.75,97.32
BNL11083,1,CHN,48.93,109.42,91.39
BNL11168,1,CHN,52.41,117.92,84.8
BNL11171,1,CHN,53.87,104.21,95.96
BNL11172,1,CHN,44.24,98.43,101.6
BNL11185,1,CHN,59.02,109.89,91
BNL11430,1,CHN,39.28,94.69,105.61
BNL11303,1,CHN,42.12,138.35,72.28
BNL11364,1,CHN,71.35,84.75,117.99
BNL11065,1,CHN,51.67,102.56,97.51
BNL11428,1,CHN,45.47,39.36,254.07
BNL11435,1,CHN,45.19,125.41,79.74
BNL11429,1,CHN,46.23,98.75,101.27
BNL11304,1,CHN,67.86,87.61,114.15
BNL11073,1,CHN,57.96,109.69,91.17
BNL11353,1,CHN,68.91,101.04,98.97
BNL11357,1,CHN,47.3,99.85,100.15
BNL11374,1,CHN,65.2,114.61,87.25
BNL11361,1,CHN,48.6,105.51,94.78
BNL11066,1,CHN,58.73,108.86,91.86
BNL11373,1,CHN,68.24,110.18,90.76
BNL11359,1,CHN,53.92,101.77,98.26
BNL11368,1,CHN,45.29,152.29,65.67
BNL11117,1,CHN,76.07,76.37,130.94
BNL11202,1,CHN,50.78,101.15,98.87
BNL11203,1,CHN,41.91,115.98,86.22
BNL11204,1,CHN,55.7,120.09,83.27
BNL11206,1,CHN,53.49,82.34,121.45
BNL11414,1,CHN,58.19,71.29,140.26
BNL11415,1,CHN,73.11,67.01,149.23
BNL11416,1,CHN,66.53,97.56,102.5
BNL11426,1,CHN,39.22,172.75,57.89
BNL11427,1,CHN,45.31,154.63,64.67
BNL11431,1,CHN,55.68,103.99,96.17
BNL11432,1,CHN,55.04,95.01,105.25
BNL11465,1,CHN,37.65,109.04,91.71
BNL11466,1,CHN,46.48,101.41,98.61
BNL11485,1,CHN,47.67,114.41,87.41
BNL11486,1,CHN,48.37,101.58,98.44
BNL11308,1,CHN,50.09,117.85,84.86
BNL11483,1,CHN,47.46,146.25,68.37
BNL11491,1,CHN,61.22,106.83,93.61
BNL11301,1,CHN,56.21,107.85,92.72
BNL11309,1,CHN,49.67,115.89,86.29
BNL11467,1,CHN,59.32,117.98,84.76
BNL11417,1,CHN,46.39,135.81,73.63
BNL11484,1,CHN,57.61,109.35,91.45
BNL11488,1,CHN,50.04,91.02,109.87
BNL11479,1,CHN,61.43,142.2,70.32
BNL11207,1,CHN,57.81,94.7,105.59
BNL11487,1,CHN,46.51,166.04,60.22
BNL11354,1,CHN,52.98,110.98,90.11
BNL11400,1,CHN,55.61,79.3,126.1
BNL11307,1,CHN,64.2,137.73,72.61
BNL11480,1,CHN,57.93,109.76,91.11
BNL11208,1,CHN,47.25,141.08,70.88
BNL11305,1,CHN,49.85,95.51,104.7
BNL11350,1,CHN,46.07,62.63,159.67
BNL11351,1,CHN,51.56,163.33,61.23
BNL11380,1,CHN,60.39,73.81,135.48
BNL11381,1,CHN,49.32,80.69,123.94
BNL11397,1,CHN,54.31,80.59,124.08
BNL11436,1,CHN,54.77,70.33,142.19
BNL11501,1,CHN,57.92,68.17,146.69
BNL11502,1,CHN,46.56,136.03,73.51
BNL11503,1,CHN,65.83,116.21,86.05
BNL11504,1,CHN,67.03,105.71,94.6
BNL11505,1,CHN,68.1,107.56,92.97
BNL11506,1,CHN,64.13,81.03,123.41
BNL11507,1,CHN,62.38,115.14,86.85
BNL11508,1,CHN,51.33,81.81,122.23
BNL11603,1,CHN,55.73,122.94,81.34
BNL11604,1,CHN,70.16,113.58,88.04
BNL11601,1,CHN,51.24,127.81,78.24
BNL11602,1,CHN,64.12,76.14,131.34
BNL11757,1,CHN,48.47,102.84,97.24
BNL11758,1,CHN,53.78,88.22,113.35
BNL11759,1,CHN,59.27,111.88,89.38
BNL11760,1,CHN,64.86,123.31,81.1
BNL11813,1,CHN,51.28,118.19,84.61
BNL11815,1,CHN,52.4,101.01,99
BNL11705,1,CHN,51.86,82.78,120.8
BNL11717,1,CHN,44.72,96.69,103.43
BNL11709,1,CHN,47.46,150.5,66.45
BNL11719,1,CHN,60.38,107.41,93.1
BNL11707,1,CHN,48.75,147.72,67.7
BNL11711,1,CHN,49.55,109.07,91.69
BNL11713,1,CHN,52.34,145.18,68.88
BNL11710,1,CHN,46.26,172.15,58.09
BNL11714,1,CHN,57.41,161.11,62.07
BNL11720,1,CHN,64.05,82.78,120.8
BNL11715,1,CHN,64.48,101.21,98.81
BNL11706,1,CHN,47.71,82.21,121.64
BNL11708,1,CHN,53.15,136.58,73.22
BNL11718,1,CHN,40.99,102.93,97.16
BNL11716,1,CHN,58.59,123.28,81.11
BNL11712,1,CHN,54.47,110.05,90.87
BNL11701,1,CHN,54.55,107.77,92.79
BNL11742,1,CHN,41.95,92.08,108.6
BNL11745,1,CHN,57.73,128.35,77.91
BNL11752,1,CHN,62.78,85.99,116.29
BNL11739,1,CHN,50.38,84.5,118.34
BNL11740,1,CHN,63.91,81.55,122.62
BNL11702,1,CHN,53.21,105.89,94.44
BNL11741,1,CHN,52.43,154.52,64.72
BNL11743,1,CHN,60.87,131.99,75.76
BNL11744,1,CHN,54.46,72.7,137.54
BNL11746,1,CHN,61.38,120.91,82.7
BNL11747,1,CHN,54.1,157.89,63.33
BNL11748,1,CHN,52.48,174.83,57.2
BNL11749,1,CHN,49.48,141.13,70.86
BNL11750,1,CHN,43.16,151.3,66.09
BNL11751,1,CHN,61.09,79.96,125.06
BNL11545,1,CHN,48.13,161.41,61.96
BNL11546,1,CHN,50.42,158.95,62.91
BNL11801,1,CHN,45.42,90.05,111.05
BNL11802,1,CHN,45.35,94.23,106.12
BNL11803,1,CHN,59.87,124.98,80.01
BNL11804,1,CHN,58.15,137.07,72.95
BNL11805,1,CHN,54.49,163.53,61.15
BNL11806,1,CHN,55.33,147.62,67.74
BNL11807,1,CHN,50.75,88.55,112.93
BNL11808,1,CHN,49.34,92.15,108.52
BNL11809,1,CHN,52.11,90.73,110.22
BNL11810,1,CHN,50.14,93.97,106.42
BNL12203,1,CHN,64.71,85.55,116.89
BNL12204,1,CHN,64.82,83.48,119.79
BNL12205,1,CHN,46.97,124,80.64
BNL12206,1,CHN,48.13,146.44,68.29
BNL11726,1,CHN,59.33,133.24,75.05
BNL11724,1,CHN,47.96,79.57,125.68
BNL11731,1,CHN,46.35,87.06,114.87
BNL11728,1,CHN,57.1,143.23,69.82
BNL11737,1,CHN,56.43,152.27,65.67
BNL11729,1,CHN,60,83.9,119.19
BNL11732,1,CHN,60.56,88.62,112.84
BNL11721,1,CHN,60.4,123.52,80.96
BNL11722,1,CHN,51.62,140.28,71.28
BNL11723,1,CHN,45.66,106.68,93.74
BNL11725,1,CHN,59.22,127.16,78.64
BNL11727,1,CHN,56.04,158.2,63.21
BNL11730,1,CHN,48.35,88.28,113.28
BNL11735,1,CHN,61.72,89.27,112.02
BNL11736,1,CHN,61.42,90.8,110.13
BNL11738,1,CHN,56.61,111.05,90.05
BNL11791,1,CHN,53.49,160.54,62.29
BNL11812,1,CHN,67.79,104.53,95.66
BNL11535,1,CHN,64.81,118.57,84.34
BNL11799,1,CHN,45,82.38,121.39
BNL12202,1,CHN,56.18,121.69,82.17
BNL11811,1,CHN,50.23,89.03,112.32
BNL11794,1,CHN,61.39,90.94,109.96
BNL11792,1,CHN,53.5,155.22,64.42
BNL11798,1,CHN,37.25,108.09,92.52
BNL11793,1,CHN,64.38,99.05,100.96
BNL11795,1,CHN,45.4,113.58,88.04
BNL11534,1,CHN,51.8,107.09,93.38
BNL11797,1,CHN,49.41,80.51,124.21
BNL11518,1,CHN,61.54,124.82,80.12
BNL11520,1,CHN,70.92,102.35,97.71
BNL11796,1,CHN,54.81,99.64,100.36
BNL11516,1,CHN,53.81,151.34,66.08
BNL11513,1,CHN,62.94,83.17,120.23
BNL11511,1,CHN,43.89,84.04,118.99
BNL11510,1,CHN,57.79,90.62,110.36
BNL11512,1,CHN,53.07,103.1,97
BNL11703,1,CHN,64.45,84.36,118.55
BNL11549,1,CHN,46.14,94.11,106.26
BNL11533,1,CHN,49.61,158.57,63.06
BNL11517,1,CHN,50.28,146.87,68.09
BNL11514,1,CHN,48.44,157.02,63.69
BNL11509,1,CHN,63.69,115.9,86.28
BNL11515,1,CHN,60.56,132.1,75.7
BNL11547,1,CHN,53.24,87.55,114.22
BNL11548,1,CHN,54.4,86.33,115.83
BNL11550,1,CHN,58.8,146.03,68.48
BNL11800,1,CHN,63.73,128.56,77.78
BNL11613,1,CHN,55.28,149.78,66.77
BNL11615,1,CHN,56.25,80.09,124.86
BNL11632,1,CHN,66.77,79.43,125.9
BNL11616,1,CHN,53.15,78.95,126.67
BNL11617,1,CHN,51.7,166.3,60.13
BNL11614,1,CHN,50,109.84,91.04
BNL11612,1,CHN,47,99.23,100.78
BNL11618,1,CHN,51.09,157.6,63.45
BNL11611,1,CHN,53.78,165.01,60.6
BNL11609,1,CHN,66.69,103.1,97
BNL11610,1,CHN,66.05,105.09,95.15
BNL11631,1,CHN,65.47,81.73,122.35
BNL11605,1,CHN,53.24,132.3,75.58
BNL11607,1,CHN,47.33,94.24,106.12
BNL11608,1,CHN,50.97,71.14,140.56
BNL11606,1,CHN,53.11,103.39,96.72
BNL11628,1,CHN,58.44,146.28,68.36
BNL11619,1,CHN,54.37,134.8,74.18
BNL11634,1,CHN,48.87,90.62,110.36
BNL11783,1,CHN,44.4,105.26,95
BNL11784,1,CHN,46.42,88.62,112.84
BNL11623,1,CHN,52.1,166.46,60.07
BNL11621,1,CHN,66.67,69.47,143.95
BNL11630,1,CHN,50.56,88.87,112.53
BNL11624,1,CHN,54.98,151.36,66.07
BNL11622,1,CHN,62.55,92.58,108.02
BNL11629,1,CHN,57.1,94.86,105.42
BNL11625,1,CHN,68.23,98.35,101.67
BNL11633,1,CHN,61.11,87.37,114.45
BNL11627,1,CHN,54.06,164.01,60.97
BNL11620,1,CHN,48.08,112.33,89.02
BNL11626,1,CHN,61.44,108.28,92.36
BNL11521,1,CHN,62.28,73.31,136.41
BNL11538,1,CHN,63.73,68.55,145.88
BNL11539,1,CHN,48.14,105.56,94.73
BNL11540,1,CHN,63.1,82.83,120.73
BNL11541,1,CHN,63.41,108.43,92.22
BNL11542,1,CHN,58.58,103.23,96.87
BNL11543,1,CHN,59.46,91.58,109.2
BNL11635,1,CHN,51.57,170.69,58.59
BNL11636,1,CHN,52.61,102.1,97.95
BNL11637,1,CHN,59.38,114.07,87.67
BNL11638,1,CHN,44.44,108.27,92.36
BNL11639,1,CHN,40.25,103.5,96.61
BNL11640,1,CHN,46.82,101.34,98.68
BNL11641,1,CHN,60.15,70.94,140.97
BNL11642,1,CHN,50.98,102.42,97.64
BNL11643,1,CHN,52.18,108.1,92.51
BNL11644,1,CHN,55.82,129.6,77.16
BNL11645,1,CHN,46.71,105.24,95.02
BNL11647,1,CHN,53.93,112.22,89.11
BNL11649,1,CHN,52,106.54,93.86
BNL11655,1,CHN,52.14,87.05,114.88
BNL11593,1,CHN,71.89,41.7,239.79
BNL11594,1,CHN,63.28,61.55,162.46
BNL11595,1,CHN,69.86,31.01,322.43
BNL11646,1,CHN,65.87,36.86,271.29
BNL11650,1,CHN,63.8,130.59,76.58
BNL11651,1,CHN,71.76,33.81,295.78
BNL11652,1,CHN,60.41,127.53,78.42
BNL11653,1,CHN,57.27,51.02,196.02
BNL11656,1,CHN,64.78,120,83.33
BNL11657,1,CHN,54.53,70.74,141.37
BNL11816,1,CHN,64.69,59.55,167.94
BNL11918,1,CHN,57.94,82.96,120.54
BNL11914,1,CHN,50.54,185.24,53.98
BNL11913,1,CHN,49.13,156.05,64.08
BNL11920,1,CHN,52.84,88.83,112.57
BNL11915,1,CHN,63.43,101.63,98.39
BNL11916,1,CHN,66.16,103.57,96.55
BNL11921,1,CHN,64.68,124.56,80.28
BNL11922,1,CHN,68.28,105.71,94.6
BNL11925,1,CHN,58.81,77.24,129.46
BNL11926,1,CHN,57.82,77.05,129.79
BNL11919,1,CHN,51.93,92.89,107.65
BNL11917,1,CHN,60.12,78.18,127.9
BNL11924,1,CHN,67.2,45.6,219.28
BNL11923,1,CHN,67.75,45.43,220.12
BNL11927,1,CHN,49.12,136.17,73.44
BNL11928,1,CHN,49.54,155.19,64.44
BNL11929,1,CHN,62.55,104.79,95.43
BNL11930,1,CHN,62.16,100.64,99.37
BNL11931,1,CHN,50.38,91.45,109.35
BNL11932,1,CHN,48.06,113.17,88.37
BNL11933,1,CHN,56.71,87.18,114.71
BNL11934,1,CHN,60.43,90.07,111.02
BNL11935,1,CHN,64.91,126.58,79
BNL11955,1,CHN,69,106.17,94.19
BNL11956,1,CHN,65.62,45.04,222.03
BNL11957,1,CHN,62.13,50.02,199.92
BNL11958,1,CHN,57.6,80.96,123.52
BNL11959,1,CHN,57.95,74.77,133.75
BNL11960,1,CHN,47.15,141.43,70.71
BNL11961,1,CHN,48.8,136.71,73.15
BNL11962,1,CHN,63.84,107.5,93.02
BNL11963,1,CHN,63.59,104.64,95.56
BNL11964,1,CHN,59.25,88.46,113.04
BNL11965,1,CHN,46.94,119.04,84.01
BNL11966,1,CHN,61.2,95.95,104.22
BNL11967,1,CHN,58.07,95.33,104.9
BNL11968,1,CHN,62.11,129.76,77.07
BNL11969,1,CHN,62.6,134.96,74.1
BNL11970,1,CHN,64.29,46.01,217.32
BNL11971,1,CHN,68.13,45.55,219.52
BNL11972,1,CHN,59.48,75.98,131.61
BNL11973,1,CHN,57.17,76.56,130.61
BNL11974,1,CHN,46.9,131.99,75.76
BNL11975,1,CHN,50.25,151.2,66.14
BNL11596,1,CHN,78.85,31.69,315.57
BNL11599,1,CHN,73.06,28.74,347.94
BNL11600,1,CHN,59.41,33.9,294.99
BNL11817,1,CHN,70.62,57.71,173.27
BNL11818,1,CHN,71.59,55.32,180.75
BNL11819,1,CHN,69.49,61.21,163.38
BNL11820,1,CHN,72.29,54.46,183.61
BNL11821,1,CHN,75.41,29.48,339.24
BNL11822,1,CHN,82.44,22.01,454.4
BNL11823,1,CHN,69.07,66.44,150.5
BNL11824,1,CHN,66.88,45.18,221.34
BNL11825,1,CHN,50.75,41.39,241.6
BNL11826,1,CHN,72.46,41.1,243.31
BNL11827,1,CHN,54.3,43.28,231.06
BNL11828,1,CHN,56.9,41.25,242.45
BNL11829,1,CHN,73.01,34.03,293.85
BNL11830,1,CHN,69.32,44.11,226.7
BNL11831,1,CHN,56,41.32,242
BNL11832,1,CHN,41.5,75.59,132.29
BNL11833,1,CHN,67.72,45.33,220.62
BNL11834,1,CHN,73.94,35.08,285.1
BNL11845,1,CHN,67.98,60.72,164.68
BNL11848,1,CHN,59.68,30.71,325.67
BNL11849,1,CHN,67.81,74.59,134.06
BNL11850,1,CHN,72.66,26.93,371.29
BNL11976,1,CHN,47.56,119.22,83.88
BNL11977,1,CHN,47.68,123.82,80.76
BNL11978,1,CHN,69.32,86.64,115.41
BNL11979,1,CHN,63.37,108.65,92.04
BNL11980,1,CHN,56.98,90.29,110.76
BNL11981,1,CHN,54.15,83.11,120.32
BNL11982,1,CHN,57.65,84.52,118.31
BNL11983,1,CHN,57.66,82.17,121.69
BNL11984,1,CHN,59.6,145.74,68.61
BNL11985,1,CHN,65.84,120.86,82.74
BNL11986,1,CHN,65.42,48.44,206.42
BNL11987,1,CHN,66.12,49.99,200.04
BNL11988,1,CHN,59.26,79.81,125.3
BNL11989,1,CHN,60.28,75.58,132.31
BNL11551,1,CHN,48.05,128.33,77.93
BNL11552,1,CHN,48.58,144.65,69.13
BNL11555,1,CHN,63.87,103.99,96.17
BNL11556,1,CHN,63.56,104.35,95.83
BNL11557,1,CHN,51.83,106.31,94.06
BNL11558,1,CHN,57.13,71.85,139.18
BNL11559,1,CHN,59.4,86.75,115.27
BNL11560,1,CHN,60.55,84.76,117.98
BNL11561,1,CHN,64.7,119.36,83.78
BNL11562,1,CHN,60.64,148.29,67.43
BNL11563,1,CHN,66.28,51.93,192.55
BNL11564,1,CHN,66.75,49.19,203.3
BNL11569,1,CHN,57.18,78.63,127.18
BNL11570,1,CHN,70.33,72.65,137.64
STRI_0019,1,NSC,66.31,85.7,116.68
STRI_0020,1,NSC,72.84,76.23,131.19
STRI_0021,1,NSC,80.25,69.3,144.3
STRI_0022,1,NSC,73.92,71.37,140.12
STRI_0023,1,NSC,48.1,177.54,56.32
STRI_0024,1,NSC,34.27,172.98,57.81
STRI_0025,1,NSC,69.33,139.88,71.49
STRI_0026,1,NSC,27.59,139.74,71.56
STRI_0027,1,NSC,67.78,76.32,131.03
STRI_0028,1,NSC,53.32,102.37,97.69
STRI_0029,1,NSC,78.76,46.58,214.69
STRI_0030,1,NSC,80.29,47.02,212.69
STRI_0031,1,NSC,60.03,172.98,57.81
STRI_0032,1,NSC,61.4,169.3,59.07
STRI_0033,1,NSC,60,70.18,142.5
STRI_0034,1,NSC,60.68,75.88,131.79
STRI_0035,1,NSC,74.39,41.33,241.94
STRI_0036,1,NSC,76.05,44.12,226.64
STRI_0055,1,NSC,66.03,89.39,111.87
STRI_0056,1,CHN/NSC,66.13,89.12,112.2
STRI_0057,1,NSC,72.84,73.86,135.39
STRI_0058,1,CHN/NSC,71.33,75.44,132.56
STRI_0059,1,CHN/NSC,37.07,160.09,62.47
STRI_0060,1,NSC,47.89,164.56,60.77
STRI_0061,1,NSC,61.24,131.46,76.07
STRI_0062,1,CHN/NSC,60.05,133.16,75.1
STRI_0063,1,NSC,60.81,96.26,103.89
STRI_0064,1,CHN/NSC,57.33,104.8,95.42
STRI_0065,1,CHN/NSC,77.15,52.11,191.92
STRI_0066,1,NSC,77.81,50.61,197.57
STRI_0067,1,NSC,58.55,184.21,54.29
STRI_0068,1,CHN/NSC,59.83,164.44,60.81
STRI_0069,1,CHN/NSC,59.72,70.67,141.51
STRI_0070,1,NSC,56.92,78.6,127.23
STRI_0071,1,CHN/NSC,73.08,47.23,211.74
STRI_0072,1,NSC,73.3,43.09,232.08
STRI_0093,1,NSC,65.59,88.54,112.95
STRI_0094,1,NSC,63.24,90.29,110.75
STRI_0095,1,NSC,72.04,78.48,127.42
STRI_0096,1,NSC,71.08,87.95,113.7
STRI_0097,1,NSC,47.67,183.63,54.46
STRI_0098,1,NSC,49.21,196.02,51.01
STRI_0099,1,NSC,60.57,138.36,72.27
STRI_0100,1,NSC,60.53,138.48,72.21
STRI_0101,1,NSC,51.88,101.32,98.7
STRI_0102,1,NSC,52.31,108.77,91.94
STRI_0103,1,NSC,79.04,47.81,209.17
STRI_0104,1,NSC,77.04,54.39,183.87
STRI_0105,1,NSC,62.58,166.32,60.13
STRI_0106,1,NSC,60.54,170.76,58.56
STRI_0107,1,NSC,59.67,76.42,130.85
STRI_0108,1,NSC,60.46,72.14,138.62
STRI_0109,1,NSC,73.88,44,227.27
STRI_0110,1,NSC,73,43.58,229.47
STRI_0129,1,NSC,66.33,94.5,105.82
STRI_0130,1,NSC,64.81,86.43,115.7
STRI_0131,1,NSC,62.97,94.21,106.15
STRI_0132,1,NSC,60.11,97.98,102.06
STRI_0133,1,NSC,52.09,184.91,54.08
STRI_0134,1,NSC,51.38,181.99,54.95
STRI_0135,1,NSC,48.43,138.71,72.09
STRI_0136,1,NSC,51.42,110.79,90.26
STRI_0137,1,NSC,60.23,153.51,65.14
STRI_0138,1,NSC,60.91,150.88,66.28
STRI_0139,1,NSC,52.35,222.92,44.86
STRI_0140,1,NSC,53.73,200.23,49.94
STRI_0141,1,NSC,53.72,117.72,84.95
STRI_0142,1,NSC,52.45,122.34,81.74
STRI_0143,1,NSC,68.36,91.58,109.2
STRI_0144,1,NSC,69.17,86.55,115.54
STRI_0145,1,NSC,50.89,103.39,96.72
STRI_0146,1,NSC,55.3,104.56,95.64
STRI_0165,1,CHN/NSC,62.43,92.28,108.37
STRI_0166,1,NSC,65.57,84.56,118.26
STRI_0167,1,CHN/NSC,62.41,95.61,104.59
STRI_0168,1,NSC,59.07,104.12,96.04
STRI_0169,1,NSC,49.19,213.92,46.75
STRI_0170,1,CHN/NSC,51.11,217.31,46.02
STRI_0171,1,CHN/NSC,52.38,108.6,92.08
STRI_0172,1,NSC,42.36,126.4,79.11
STRI_0173,1,NSC,59.54,170.35,58.7
STRI_0174,1,CHN/NSC,65.9,125.61,79.61
STRI_0175,1,NSC,51.68,226.08,44.23
STRI_0176,1,CHN/NSC,55.22,193.8,51.6
STRI_0177,1,NSC,49.94,136.14,73.45
STRI_0178,1,CHN/NSC,50.54,138.83,72.03
STRI_0179,1,NSC,66.84,90.18,110.89
STRI_0180,1,CHN/NSC,66.39,91.4,109.4
STRI_0181,1,NSC,56.17,117.89,84.82
STRI_0182,1,CHN/NSC,50.25,116.37,85.93
STRI_0201,1,NSC,66.87,89.12,112.2
STRI_0202,1,NSC,64.1,83.98,119.08
STRI_0203,1,NSC,62.67,98.25,101.79
STRI_0204,1,NSC,61.52,91.14,109.72
STRI_0205,1,NSC,53.7,178.71,55.96
STRI_0206,1,NSC,54.91,174.04,57.46
STRI_0207,1,NSC,41.9,142.69,70.08
STRI_0208,1,NSC,47.86,128.07,78.08
STRI_0209,1,NSC,57.78,170.35,58.7
STRI_0210,1,NSC,55.79,186.14,53.72
STRI_0211,1,NSC,53.74,210.99,47.39
STRI_0212,1,NSC,52.76,209.94,47.63
STRI_0213,1,NSC,49.38,153.92,64.97
STRI_0214,1,NSC,50.33,117.63,85.01
STRI_0215,1,NSC,66.15,102.92,97.16
STRI_0216,1,NSC,65.48,99.91,100.09
STRI_0217,1,NSC,53.25,109.36,91.44
STRI_0218,1,NSC,,109.71,91.15
BNL10485,2,NSC,,107.26,93.23
BNL10463,2,NSC,,100.34,99.67
BNL10465,2,NSC,,96.47,103.66
BNL10467,2,NSC,,156.37,63.95
BNL10469,2,NSC,,85.45,117.03
BNL10471,2,NSC,,93.12,107.39
BNL10473,2,NSC,,103,97.09
BNL10475,2,NSC,,90.77,110.17
BNL10477,2,NSC,,168.76,59.26
BNL10479,2,NSC,,146.95,68.05
BNL10481,2,NSC,,99.68,100.32
BNL10483,2,NSC,,94.84,105.45
BNL10487,2,NSC,,96.57,103.55
BNL10489,2,NSC,,100.07,99.93
BNL10491,2,NSC,,135.04,74.05
BNL10493,2,NSC,,86.86,115.13
BNL10495,2,NSC,,94.53,105.79
BNL10497,2,NSC,,99.1,100.91
BNL10499,2,NSC,,101.75,98.28
BNL10501,2,NSC,,81.17,123.2
BNL10503,2,NSC,,125.13,79.91
BNL10507,2,NSC,,99.06,100.95
BNL10509,2,NSC,,81.22,123.12
BNL10511,2,NSC,,109.86,91.02
BNL10513,2,NSC,,96.48,103.65
BNL10505,2,NSC,,111.53,89.66
BNL10515,2,NSC,,87.56,114.21
BNL10517,2,NSC,,90.61,110.36
BNL10519,2,NSC,,91.08,109.79
BNL10520,2,NSC,,95.93,104.24
BNL10521,2,NSC,,100.7,99.3
BNL10522,2,NSC,,101.72,98.31
BNL10523,2,NSC,,118.54,84.36
BNL10524,2,NSC,,102.23,97.82
BNL10525,2,NSC,,153.52,65.14
BNL10526,2,NSC,,101.17,98.84
BNL10527,2,NSC,,113.67,87.97
BNL10528,2,NSC,,160.89,62.16
BNL10529,2,NSC,,81.17,123.2
BNL10530,2,NSC,,87.09,114.82
BNL10531,2,NSC,,139.61,71.63
BNL10532,2,NSC,,99.24,100.76
BNL10533,2,NSC,,79.34,126.04
BNL10534,2,NSC,,103.52,96.6
BNL10712,2,NSC,,88.46,113.05
BNL10713,2,NSC,,120.1,83.27
BNL10714,2,NSC,,118.6,84.32
BNL10715,2,NSC,,84.96,117.7
BNL10716,2,NSC,,97.42,102.65
BNL10717,2,NSC,,129.85,77.01
BNL10718,2,NSC,,79.58,125.66
BNL10719,2,NSC,,161.97,61.74
BNL10767,2,NSC,,87.39,114.43
BNL10768,2,NSC,,152.93,65.39
BNL10769,2,NSC,,112.36,89
BNL10770,2,NSC,,116.43,85.89
BNL10771,2,NSC,,138.26,72.33
BNL10772,2,NSC,,111.11,90
BNL10773,2,NSC,,103.31,96.79
BNL10774,2,NSC,,78.03,128.16
BNL10775,2,NSC,,147.94,67.59
BNL10811,2,NSC,,87.39,114.43
BNL10836,2,NSC,,114.54,87.3
BNL10837,2,NSC,,91.97,108.73
BNL10838,2,NSC,,138.08,72.42
BNL10839,2,NSC,,111.11,90
BNL10840,2,NSC,,108.28,92.36
BNL10841,2,NSC,,104.38,95.8
BNL10842,2,NSC,,134.21,74.51
BNL10843,2,NSC,,160.28,62.39
BNL10844,2,NSC,,160.89,62.16
BNL10845,2,NSC,,148.64,67.27
BNL10846,2,NSC,,105.73,94.58
BNL10847,2,NSC,,132.91,75.24
BNL10848,2,NSC,,107.37,93.13
BNL10849,2,NSC,,106.38,94
BNL10850,2,NSC,,164.39,60.83
BNL10851,2,NSC,,117.04,85.44
BNL10852,2,NSC,,102.99,97.1
BNL10853,2,NSC,,194.67,51.37
BNL10854,2,NSC,,112,89.28
BNL10855,2,NSC,,156.78,63.79
BNL10856,2,NSC,,123.91,80.71
BNL10857,2,NSC,,116.8,85.62
BNL10858,2,NSC,,98.09,101.95
BNL10859,2,NSC,,100.37,99.63
BNL10860,2,NSC,,111.57,89.63
BNL10861,2,NSC,,85.83,116.51
BNL10862,2,NSC,,114.27,87.51
BNL10863,2,NSC,,138.89,72
BNL10864,2,NSC,,163.55,61.15
BNL10865,2,NSC,,136.08,73.49
BNL10866,2,NSC,,119.02,84.02
BNL10867,2,NSC,,120.42,83.04
BNL10868,2,NSC,,79.6,125.63
BNL10873,2,NSC,,122.56,81.59
BNL11183,2,NSC,,73.16,136.68
BNL11187,2,NSC,,114.49,87.34
BNL10999,2,NSC,,95.79,104.39
BNL11013,2,NSC,,165.17,60.54
BNL11018,2,NSC,,146.51,68.26
BNL11044,2,NSC,,113.87,87.82
BNL11125,2,NSC,,116.93,85.52
BNL11153,2,NSC,,172.47,57.98
BNL11155,2,NSC,,140.1,71.38
BNL11161,2,NSC,,97.36,102.72
BNL11170,2,NSC,,189.72,52.71
BNL11174,2,NSC,,107.19,93.3
BNL11188,2,NSC,,128.41,77.88
BNL11126,2,NSC,,148.6,67.3
BNL11127,2,NSC,,105.24,95.02
BNL11128,2,NSC,,153.55,65.13
BNL11129,2,NSC,,129.61,77.15
BNL11130,2,NSC,,124.82,80.12
BNL11131,2,NSC,,75.26,132.87
BNL11158,2,NSC,,144,69.45
BNL11159,2,NSC,,168.11,59.49
BNL11160,2,NSC,,207.83,48.12
BNL11163,2,NSC,,111.34,89.82
BNL11164,2,NSC,,108.9,91.83
BNL11189,2,NSC,,172.58,57.94
BNL11191,2,NSC,,110.66,90.37
BNL11192,2,NSC,,84.62,118.17
BNL11196,2,NSC,,89.16,112.16
BNL11197,2,NSC,,117.47,85.13
BNL11198,2,NSC,,86.8,115.2
BNL11045,2,NSC,,99.39,100.61
BNL11049,2,NSC,,95.48,104.73
BNL11050,2,NSC,,96.26,103.88
BNL11052,2,NSC,,123.26,81.13
BNL11058,2,NSC,,132.54,75.45
BNL11060,2,NSC,,107.34,93.16
BNL11067,2,NSC,,102.66,97.41
BNL11068,2,NSC,,100.33,99.67
BNL11069,2,NSC,,103.19,96.91
BNL11132,2,NSC,,153.96,64.95
BNL11165,2,NSC,,148.53,67.33
BNL11175,2,NSC,,132.18,75.65
BNL11176,2,NSC,,140.75,71.05
BNL11177,2,NSC,,165.76,60.33
BNL11179,2,NSC,,105.05,95.19
BNL11180,2,NSC,,170.25,58.74
BNL11181,2,NSC,,163.26,61.25
BNL11200,2,NSC,,111.5,89.68
BNL10993,1,NSC,,59.03,169.42
BNL11312,1,NSC,,99.32,100.69
BNL11319,1,NSC,,105.13,95.12
BNL11323,1,NSC,,157.27,63.59
BNL11329,1,NSC,,104.21,95.96
BNL11344,1,NSC,,90.14,110.93
BNL11349,1,NSC,,104.64,95.57
BNL11352,1,NSC,,86.48,115.63
BNL11365,1,NSC,,60.77,164.54
BNL11388,1,NSC,,151.78,65.89
BNL11420,1,NSC,,78.26,127.77
BNL11433,1,NSC,,71.1,140.65
BNL11498,1,NSC,,162.26,61.63
BNL11222,1,NSC,,74.35,134.49
BNL11223,1,NSC,,81,123.45
BNL11225,1,NSC,,147.59,67.75
BNL11226,1,NSC,,158.02,63.28
BNL11227,1,NSC,,79.26,126.17
BNL11228,1,NSC,,70.69,141.47
BNL11230,1,NSC,,59.61,167.76
BNL11237,1,NSC,,90.21,110.85
BNL11262,1,NSC,,70.07,142.7
BNL11335,1,NSC,,66.9,149.47
BNL11336,1,NSC,,153.83,65
BNL11340,1,NSC,,63.91,156.48
BNL11341,1,NSC,,109.02,91.73
BNL11343,1,NSC,,98.52,101.5
BNL11229,1,NSC,,65.88,151.8
BNL11215,1,NSC,,63.84,156.65
BNL11216,1,NSC,,75.79,131.95
BNL11217,1,NSC,,86.75,115.28
BNL11218,1,NSC,,77.25,129.45
BNL11219,1,NSC,,78.7,127.07
BNL11220,1,NSC,,158.2,63.21
BNL11221,1,NSC,,153.02,65.35
BNL11224,1,NSC,,71.27,140.31
BNL11332,1,NSC,,82.38,121.39
BNL11334,1,NSC,,119.07,83.98
BNL11337,1,NSC,,162.57,61.51
BNL11339,1,NSC,,113.1,88.42
BNL11356,1,NSC,,109.89,91
BNL11405,2,NSC,,101.87,98.16
BNL11468,2,NSC,,125.05,79.97
BNL11471,2,NSC,,129.61,77.15
BNL11478,2,NSC,,55.38,180.56
BNL11346,2,NSC,,101.93,98.1
BNL11355,2,NSC,,121.7,82.17
BNL11363,2,NSC,,80.71,123.89
BNL11372,2,NSC,,91.34,109.49
BNL11376,2,NSC,,96.73,103.38
BNL11393,2,NSC,,106.98,93.48
BNL11409,2,NSC,,167.38,59.74
BNL11425,2,NSC,,98.81,101.2
BNL11454,2,NSC,,104.5,95.7
BNL11455,2,NSC,,87.05,114.88
BNL11460,2,NSC,,99.14,100.87
BNL11473,2,NSC,,145.08,68.93
BNL11475,1,NSC,,135.54,73.78
BNL11493,2,NSC,,119.8,83.47
BNL11495,2,NSC,,108.58,92.1
BNL11310,2,NSC,,100.27,99.73
BNL11327,2,NSC,,139.33,71.77
BNL11328,2,NSC,,95.9,104.28
BNL11330,2,NSC,,95.28,104.96
BNL11338,2,NSC,,41.07,243.49
BNL11342,2,NSC,,109.31,91.49
BNL11366,2,NSC,,94.15,106.22
BNL11369,2,NSC,,83.95,119.12
BNL11379,2,NSC,,103.62,96.5
BNL11382,2,NSC,,119.8,83.47
BNL11389,2,NSC,,112.81,88.65
BNL11391,2,NSC,,126.8,78.87
BNL11394,2,NSC,,118.23,84.58
BNL11395,2,NSC,,100.56,99.44
BNL11398,2,NSC,,126.07,79.32
BNL11399,2,NSC,,108.27,92.36
BNL11438,2,NSC,,154.63,64.67
BNL11205,2,NSC,,117.61,85.02
BNL11209,2,NSC,,144.87,69.03
BNL11268,2,NSC,,120.97,82.67
BNL11383,2,NSC,,113.49,88.12
BNL11384,2,NSC,,104.79,95.43
BNL11406,2,NSC,,118.63,84.29
BNL11407,2,NSC,,94.68,105.62
BNL11408,2,NSC,,112.95,88.53
BNL11421,2,NSC,,78.12,128.01
BNL11439,2,NSC,,161.77,61.81
BNL11440,2,NSC,,98.23,101.8
BNL11441,2,NSC,,170.37,58.69
BNL11464,2,NSC,,108.27,92.36
BNL11469,2,NSC,,102.8,97.28
BNL11470,2,NSC,,147.35,67.87
BNL11695,2,NSC,61.27,123.25,81.13
BNL11696,2,NSC,64.24,98.19,101.85
BNL11697,2,NSC,45.28,121.57,82.26
BNL11698,2,NSC,50.38,82.07,121.85
BNL11781,2,NSC,45.29,109.17,91.6
BNL11761,2,NSC,49.71,85.24,117.32
BNL11762,2,NSC,48,97.08,103.01
BNL11763,2,NSC,46.46,163.41,61.2
BNL11769,2,NSC,60.44,91.96,108.74
BNL11770,2,NSC,45.45,157.21,63.61
BNL11771,2,NSC,46.74,116.44,85.88
BNL11772,2,NSC,49.92,159.92,62.53
BNL11773,2,NSC,47.57,185.46,53.92
BNL11774,2,NSC,53.98,174.07,57.45
BNL11775,2,NSC,60.83,89.92,111.21
BNL11776,2,NSC,61.74,107.76,92.8
BNL11777,2,NSC,42.5,90.4,110.62
BNL11778,2,NSC,47.65,145.75,68.61
BNL11779,2,NSC,41.45,99.24,100.76
BNL11780,2,NSC,53.22,137.89,72.52
BNL11790,2,NSC,46.52,116.93,85.52
BNL11782,2,NSC,41.61,119.27,83.84
BNL11785,2,NSC,39.18,104.15,96.01
BNL11786,2,NSC,55.82,130.7,76.51
BNL11787,2,NSC,60.26,90.98,109.92
BNL11788,2,NSC,45.6,89.09,112.25
BNL11789,2,NSC,60.29,88.43,113.08
BNL11690,2,NSC,49.42,135.74,73.67
BNL11691,2,NSC,37.69,101.1,98.91
BNL11692,2,NSC,41.96,92.36,108.27
BNL11693,2,NSC,51.15,158.52,63.09
BNL11694,2,NSC,47.04,156.44,63.92
BNL11699,2,NSC,52.6,91.25,109.59
BNL11700,2,NSC,58.84,88.62,112.84
BNL11677,2,NSC,47.02,178.29,56.09
BNL11678,2,NSC,64.57,116.08,86.15
BNL11679,2,NSC,60.96,126.69,78.93
BNL11680,2,NSC,44.49,102.76,97.31
BNL11681,2,NSC,40.2,124.4,80.39
BNL11682,2,NSC,38.87,101.1,98.91
BNL11683,2,NSC,58.91,96.54,103.58
BNL11684,2,NSC,47.3,164.45,60.81
BNL11685,2,NSC,39.77,110.25,90.7
BNL11686,2,NSC,58.67,98.06,101.98
BNL11687,2,NSC,37.76,126.9,78.81
BNL11688,2,NSC,50.75,114.33,87.47
BNL11689,2,NSC,40.83,88.62,112.84
BNL11666,2,NSC,46.29,156.44,63.92
BNL11667,2,NSC,61.44,89.53,111.69
BNL11668,2,NSC,42.58,106.3,94.07
BNL11669,2,NSC,48.56,96.32,103.83
BNL11670,2,NSC,40.23,109.42,91.39
BNL11671,2,NSC,59.05,92.63,107.95
BNL11673,2,NSC,38.85,99.23,100.78
BNL11674,2,NSC,45.86,170.37,58.69
BNL11675,2,NSC,48,151.44,66.03
BNL11676,2,NSC,48.11,171.62,58.27
BNL11648,2,NSC,50.21,175.24,57.06
BNL11659,2,NSC,49.71,86.62,115.44
BNL11660,2,NSC,63.06,86.13,116.1
BNL11665,2,NSC,55.07,81.88,122.13
BNL11672,2,NSC,44.88,190.66,52.45
BNL11901,2,NSC,44.71,120.07,83.28
BNL11902,2,NSC,47,99.23,100.78
BNL11947,2,NSC,51.4,167.34,59.76
BNL11948,2,NSC,49.31,182.23,54.88
BNL11949,2,NSC,65.88,108.59,92.09
BNL11950,2,NSC,64.85,112.96,88.53
BNL11951,2,NSC,63.45,82.67,120.97
BNL11952,2,NSC,56.03,133.55,74.88
BNL11953,2,NSC,46.02,103.6,96.53
BNL11954,2,NSC,50.43,82.2,121.65
BNL11658,2,NSC,53.68,153.21,65.27
BNL11661,2,NSC,47.5,148.53,67.33
BNL11662,2,NSC,46.3,97.86,102.19
BNL11663,2,NSC,38.18,113.17,88.37
BNL11664,2,NSC,48.85,92.57,108.02
BNL11936,2,NSC,47.39,183.41,54.52
BNL11937,2,NSC,69.63,75.96,131.65
BNL11938,2,NSC,45.48,99.35,100.65
BNL11939,2,NSC,51.35,164.35,60.85
BNL11940,2,NSC,59.41,99.98,100.02
BNL11941,2,NSC,53.33,104.84,95.38
BNL11942,2,NSC,60.68,107.97,92.62
BNL11943,2,NSC,55.49,91.12,109.75
BNL11944,2,NSC,44.22,178.24,56.11
BNL11945,2,NSC,44.93,122.01,81.96
BNL11946,2,NSC,53.98,126.38,79.13
BNL11579,2,NSC,54.48,89.06,112.28
BNL11580,2,NSC,48.55,191.21,52.3
BNL11581,2,NSC,45.38,170.14,58.78
BNL11582,2,NSC,55.99,95.49,104.72
BNL11583,2,NSC,60.14,108.43,92.22
BNL11584,2,NSC,62.22,115.62,86.49
BNL11585,2,NSC,60.93,138.16,72.38
BNL11586,2,NSC,65.4,120.68,82.87
BNL11587,2,NSC,57.14,79.96,125.06
BNL11588,2,NSC,54.78,90.07,111.03
BNL11589,2,NSC,54.62,87.7,114.03
BNL11590,2,NSC,56.52,93.91,106.48
BNL11591,2,NSC,62.38,46.37,215.66
BNL11592,2,NSC,60.7,46.14,216.75
BNL11597,2,NSC,45.37,135.79,73.64
BNL11598,2,NSC,44.24,158.88,62.94